id,tags
1777012,4girls 4koma brown_hair comic commentary_request detached_sleeves hairband hibiki_(kancolle) highres japanese_clothes kantai_collection kasaneko kongou_(kancolle) long_hair multiple_girls nontraditional_miko photoshop_(medium) pink_hair ponytail school_uniform serafuku shiranui_(kancolle) short_hair silver_hair translated verniy_(kancolle)
2740940,1girl ass back backless_outfit bangs bison_cangshu black_hair blunt_bangs china_dress chinese_clothes commentary_request cowboy_shot curtain_grab curtains dress elbow_gloves flower from_behind garter_straps gloves hair_flower hair_ornament highres long_hair looking_at_viewer looking_back original photoshop_(medium) purple_eyes red_flower red_rose rose side_slit solo standing tareme thighhighs white_gloves white_thighhighs
289637,1girl advenchara black_hair bow breasts cloud commentary_request day detached_sleeves hair_bow hakurei_reimu red_bow ribbon skirt sky socks solo touhou underboob
3639386,1boy arms_up blue_eyes commentary_request cowboy_shot dragon embers fighting_stance final_fantasy final_fantasy_xiv floating_hair from_side garlean half-closed_eye holding holding_sword holding_weapon hyur japanese_clothes katana letterboxed lips litryquis long_hair long_sleeves male_focus orange_hair parted_lips shinryuu_(final_fantasy) sidelocks smile sword third_eye weapon zenos_yae_galvus
5470414,2girls bird_mask black_hair blue_hair blush bow-shaped_hair colored_tips detached_collar frilled_sleeves frills genshin_impact gloves highres kiss kujou_sara mask mask_on_head multicolored_hair multiple_girls pink_hair sangonomiya_kokomi si_rui126 yellow_eyes yuri
4853660,energy_wings from_side gundam highres looking_down mecha mix_(candlmix) mobile_suit moonlight_butterfly no_humans open_hand robot science_fiction shining_finger solo turn_a_gundam turn_x white_background yellow_eyes
3072621,1boy 2girls aircraft airplane anus ass back barefoot blue_sky boy_on_top brown_hair censored cloud commentary_request day facing_away hetero indoors kantai_collection kneepits legs_apart long_hair low_twintails lying median_furrow mosaic_censoring motion_blur multiple_girls nude on_back open_window out_of_frame penis photoshop_(medium) pussy sex shirayuki_(kancolle) shoulder_blades sky solo_focus spread_legs standing sweat takemura_sessyu teruterubouzu testicles twintails vaginal window
541810,1boy 1girl beatrice_(umineko) censored comic convenient_censoring highres monochrome photoshop_(medium) suzushiro_kurumi translated umineko_no_naku_koro_ni ushiromiya_battler
3888076,2girls angel_girl_(shimmer) ass bangs black-haired_demon_girl_(shimmer) black_hair black_legwear black_panties black_shirt commentary demon_horns demon_tail halo heart highres horns long_hair lying lying_on_another multiple_girls on_back original panties shimmer shirt symbol-only_commentary tail thighhighs underwear white_hair white_legwear white_panties white_shirt yuri
240054,1girl aqua_eyes birthday blush bra cake commentary_request food fruit in_food lingerie long_hair maid maid_headdress minigirl original pastry photoshop_(medium) pink_bra pink_hair solo strawberry surprised takagi_(tansuke) tansuke underwear waitress
4805997,1girl animal_ear_fluff animal_ears animal_print bag bangs_pinned_back black_shorts cat cat_ears cat_girl cat_print cat_tail cat_teaser commentary detached_sleeves diona_(genshin_impact) door forehead genshin_impact gloves green_eyes hair_ribbon hat highres holding long_sleeves paw_print pink_hair playing puffy_detached_sleeves puffy_shorts puffy_sleeves ribbon short_hair shorts sidelocks sitting smile tail thick_eyebrows white_gloves wooden_floor yoboshi
2454139,1girl black_hair blue_eyes dual_wielding emblem highres holding holding_sword holding_weapon looking_at_viewer mikasa_ackerman military military_uniform paradis_military_uniform red_scarf scarf shingeki_no_kyojin short_hair solo sword three-dimensional_maneuver_gear training_corps_(emblem) uniform weapon
4554333,1girl angry asahina_mikuru bangs black_thighhighs blue_sailor_collar blue_skirt blush brown_cardigan brown_eyes brush calligraphy calligraphy_brush cardigan closed_mouth commentary_request eyes_visible_through_hair full_body hair_between_eyes highres holding holding_brush kita_high_school_uniform leg_up long_hair long_sleeves neck_ribbon notice_lines orange_hair paintbrush red_ribbon ribbon sailor_collar school_uniform serafuku shoes simple_background skirt solo sparkle standing standing_on_one_leg suzumiya_haruhi_no_shoushitsu suzumiya_haruhi_no_yuuutsu thighhighs translation_request u_ik95 uwabaki white_background zettai_ryouiki
2052823,1girl :d bad_id bad_pixiv_id beret blouse blue_eyes braid chinese_clothes fighting_stance hair_between_eyes hair_ribbon hat hat_ornament hong_meiling ishimori_sakana long_hair open_mouth puffy_short_sleeves puffy_sleeves red_hair ribbon shirt short_sleeves side_slit skirt skirt_set smile solo standing standing_on_one_leg star_(symbol) star_hat_ornament tangzhuang touhou tress_ribbon twin_braids white_shirt
61391,1girl ^_^ aika_granzchesta aria bangs blue_hair closed_eyes himeya_company_uniform short_hair smile solo uniform zono_(rinkara-sou)
1946000,commentary_request fangs forked_tongue full_body heart mizuhara_aki no_humans open_mouth snake solo tongue tsuchinoko_(youkai_watch) white_background youkai youkai_watch
3120879,1girl ahoge amakusa_(hidorozoa) asymmetrical_wings bad_link black_hair black_legwear bow bowtie dress full_body grin hair_between_eyes holding holding_weapon houjuu_nue open_mouth polearm polearm_behind_back red_eyes short_dress short_hair short_sleeves simple_background smile snake solo touhou trident two-handed weapon white_background wings
845436,1girl black_hair bra breasts cleavage covered_nipples game_cg isokawa_sayuri kawai_masaki large_breasts laundry lingerie mature_female mole mole_under_mouth open_mouth purple_eyes solo sweat tsuma_no_haha_sayuri underwear
661088,1girl against_wall aki_no_urara_no_akane-iro_shoutengai anus ass bent_over blonde_hair blush bow clothing_aside dress fat_mons from_behind game_cg hair_bow hair_ribbon kani_biimu long_hair looking_back odajima_mayu panties panties_aside presenting pussy red_eyes ribbon school_uniform skirt solo thigh_gap uncensored underwear white_panties
1742211,2girls commentary_request flower hair_flower hair_ornament hairband ishii_hisao japanese_clothes kantai_collection long_hair multiple_girls shoukaku_(kancolle) silver_hair twintails yellow_eyes zuikaku_(kancolle)
769067,6+girls alice_margatroid bare_tree cirno closed_eyes commentary_request cup flower hair_tubes hakurei_reimu hat izayoi_sakuya kirisame_marisa mob_cap multiple_girls picnic remilia_scarlet shanghai_doll shishou_(absolute_area) sitting standing teacup touhou tree yunomi
1456957,1girl akinbo_(hyouka_fuyou) arm_up bag beamed_eighth_notes blonde_hair bracelet brown_eyes casual character_doll dress eighth_note hair_ornament hair_ribbon hairclip handbag highres jewelry kagamine_len kagamine_rin looking_at_viewer musical_note musical_note_hair_ornament musical_note_print necklace photoshop_(medium) quarter_note ribbon sandals short_hair smile solo staff_(music) treble_clef vocaloid whole_note
2109728,1girl armpits bangs blue_background blue_hair breasts cleavage collarbone commentary_request covered_nipples danna_(karatekikku) glowing glowing_sword glowing_weapon gradient_hair hat holding holding_sword holding_weapon huge_breasts kamishirasawa_keine long_hair multicolored_hair narrow_waist no_shirt serious sheath sleeveless solo sword sword_of_kusanagi touhou unsheathed weapon
3053810,1boy 1girl against_glass animated animated_gif bouncing_breasts breasts cellphone cleavage dark_skin fingerless_gloves gloves green_eyes headband hetero highres inkling large_breasts long_hair long_tongue marina_(splatoon) navel navel_piercing nipples octoling pantyhose penis phone piercing public_indecency public_nudity sex sharp_teeth smartphone spicy_bardo splatoon_(series) splatoon_2 symbol-shaped_pupils teeth tentacle_hair thighs tongue torn_clothes torn_legwear uncensored vaginal
4080907,1girl 92m bangs bare_shoulders blonde_hair blush breasts cleavage closed_mouth covered_navel earrings hands_on_own_chest highres jewelry large_breasts long_hair looking_to_the_side mythra_(radiant_beach)_(xenoblade) mythra_(xenoblade) on_bed one-piece_swimsuit pillow sidelocks solo strapless strapless_swimsuit swept_bangs swimsuit thighs tiara white_swimsuit xenoblade_chronicles_(series) xenoblade_chronicles_2 yellow_eyes
4830063,1girl :o absurdres autumn_leaves balcony bare_shoulders belt belt_buckle black_coat blush boots bow breasts breath brown_footwear buckle cleavage coat commentary_request cup day dress from_side granblue_fantasy green_hair grey_dress grey_sweater hair_bow herja highres holding holding_cup large_breasts leaf lens_flare long_hair long_sleeves looking_at_viewer looking_to_the_side maple_leaf nose_(oekaki1825) off-shoulder_sweater off_shoulder open_clothes open_coat outdoors parted_lips plant ponytail potted_plant red_bow revision sideways_glance sitting solo sweater sweater_dress thigh_boots thighhighs yellow_eyes zettai_ryouiki
5136918,1girl adjusting_clothes adjusting_legwear airisubaka artist_name bandaid bandaid_on_cheek bandaid_on_face baseball_cap black_gloves black_shirt black_thighhighs blue_shorts breasts brown_eyes collarbone commentary cowboy_shot english_commentary fingerless_gloves frown gloves hat jacket large_breasts leah_(airisubaka) long_hair looking_away open_clothes open_jacket original ponytail purple_hair purple_jacket shirt shorts signature simple_background sleeves_rolled_up solo thighhighs white_background
1315472,1girl blush breast_press breast_rest breasts hairband kurara-chan_(suzutsuki_kurara) large_breasts long_hair looking_at_viewer open_mouth original purple_eyes purple_hair solo suzutsuki_kurara topless translation_request
1650483,1girl blue_eyes blue_hair blush_stickers clenched_hands highres hood kesa kibisake kumoi_ichirin long_sleeves looking_away serious short_hair touhou unzan v-shaped_eyebrows wide_sleeves
5483415,1girl absurdres between_legs blonde_hair blue_eyes blue_neckerchief blue_sailor_collar blue_skirt breasts cleavage colorado_(kancolle) colored_eyelashes hair_between_eyes hand_between_legs hand_on_own_chest highres jewelry kantai_collection ken_(shutenndouji1) large_breasts looking_at_viewer neckerchief pantyhose ring sailor_collar school_uniform serafuku skirt smile solo wedding_band white_background
2149797,1girl blue_eyes blue_hair blush breasts collarbone commentary_request gradient gradient_background grin hair_ribbon halftone halftone_background head_tilt hidamari_sketch kagami_uekusa large_breasts looking_at_viewer low_twintails nori_(hidamari_sketch) outline ribbon smile solo translation_request twintails v
443674,1girl ahoge baozi bento blue_bow blush bow circle_name collarbone food green_hair hair_bow highres holding looking_at_viewer macross macross_frontier open_mouth pink_bow puffy_short_sleeves puffy_sleeves ranka_lee red_eyes scan school_uniform shirt short_hair short_sleeves solo suzuhira_hiro translation_request upper_body white_shirt
1138049,1girl black_hairband blonde_hair blush breasts censored choker commentary_request eyelashes hairband jewelry kise_yayoi long_hair nipples nude open_mouth photoshop_(medium) precure pussy ring satou_kuuki small_breasts smile_precure! solo spread_legs tears v yellow_eyes
1200951,atom_(@tom) bad_id bad_pixiv_id baseball_cap blush clothed_pokemon ethan_(pokemon) goggles goggles_on_head hat lowres no_humans pokemon pokemon_(creature) pokemon_adventures politoed poliwrath red_(pokemon) shy
1734203,1girl bare_shoulders bench bird blonde_hair commentary_request copyright_name earrings echizen_murasaki ekao jewelry park_bench short_hair sitting solo tokyo_7th_sisters
3755347,1girl animal_ears blush breasts cat_ears cat_girl cat_tail commentary_request green_eyes hair_ornament lips long_hair original pikkumyy tail
3666243,1girl bangs bare_shoulders belt blonde_hair blue_eyes blue_gloves blue_mary breasts commentary_request crop_top evilgun fatal_fury fingerless_gloves fingernails gloves green_jacket hand_up highres holding jacket medium_breasts midriff multiple_belts muscular muscular_female navel pants parted_bangs parted_lips photoshop_(medium) red_tank_top shiny shiny_clothes shiny_hair short_hair simple_background sleeveless smile snk solo stomach tank_top the_king_of_fighters the_king_of_fighters_'97 turtleneck white_background
3115343,1girl animal_ears arm_support bangs bare_shoulders blush cat_ears cat_girl cat_tail collarbone collared_shirt commentary_request fang hair_ribbon highres leaning_forward long_hair looking_at_viewer milestone_celebration necktie open_mouth original pleated_skirt red_eyes red_necktie red_ribbon ribbon romaji_text shirt signature silver_hair skirt sleeveless sleeveless_shirt solo tail tail_raised thank_you thighhighs tomozero translation_request very_long_hair white_shirt white_skirt white_thighhighs
1247972,1girl bangs baram blonde_hair commentary_request grass hair_ribbon hat highres looking_at_viewer moriya_suwako open_mouth ribbon shirt sitting skirt skirt_set soaking_feet solo touhou v_arms vest yellow_eyes
963302,6+girls bad_id bad_pixiv_id blonde_hair blue_eyes brown_eyes brown_hair column_lineup face hairband hakurei_reimu hat izayoi_sakuya kirisame_marisa konpaku_youmu letterboxed magukappu maid_headdress microphone multiple_girls music open_mouth orange_hair parody pink_eyes pink_hair purple_eyes red_eyes saigyouji_yuyuko silver_hair singing touhou uta_no_prince-sama yakumo_yukari
1730230,1girl ass bangs bare_shoulders blue_panties blush breasts brown_eyes brown_hair butt_crack cheerleader clothes_lift commentary_request condom condom_wrapper from_behind grin hair_ribbon hairband haruhisky heart heart_pillow highres large_breasts lips looking_back nipples no_bra one_eye_closed panties panty_pull pillow pleated_skirt ribbon shiny shiny_skin shirt_lift short_hair skirt smile solo suzumiya_haruhi suzumiya_haruhi_no_yuuutsu underwear undressing
5283066,1boy bangs blonde_hair blue_eyes copyright_request duckchuni eyelashes fingernails hair_over_eyes half-closed_eyes hands_on_another's_face highres korean_commentary looking_at_viewer male_focus one_eye_closed out_of_frame parted_lips peeking_through_fingers portrait short_hair solo_focus sunlight
5196755,1boy 3di_project amel3di bangs braid closed_mouth dated green_eyes hair_between_eyes highres long_hair long_sleeves male_focus orange_hair pointy_ears solo thanh_loc traditional_clothes vietnamese_text virtual_youtuber wide_sleeves
5431517,1boy arm_tattoo bangs black_gloves brown_hair closed_mouth collared_shirt colored_skin commentary_request eyeliner formal from_side genshin_impact gloves gradient_hair hair_between_eyes jacket kongqingkoqi long_hair long_sleeves looking_at_viewer makeup male_focus multicolored_hair necktie orange_hair ponytail shirt solo suit tattoo white_necktie yellow_eyes zhongli_(genshin_impact)
4040388,1boy armor black_border blonde_hair border cape commentary_request full_body gaimoon gauntlets glasses glowing grass greaves hover_bike knees_up male_focus original pauldrons planted planted_sword platinum_blonde_hair short_hair shoulder_armor signature simple_background sitting solo sword tan_background vambraces weapon
4716258,1boy bangs bare_shoulders belt black_belt black_bodysuit bodysuit closed_mouth commentary dark-skinned_male dark_skin detached_sleeves eternatus facial_hair fingerless_gloves gem gloves highres leon_(pokemon) long_hair looking_at_viewer male_focus naoto_(yandereheaven) official_alternate_costume pillarboxed pokemon pokemon_(creature) pokemon_(game) pokemon_masters_ex purple_hair smile yellow_eyes
470471,1boy black_hair gundam gundam_seed gundam_seed_destiny male_focus red_eyes shinn_asuka solo uniform
1451570,1boy anti-materiel_rifle bikini bikini_top_only black_eyes blonde_hair commentary_request cosplay crossdressing fingerless_gloves gloves gouenji_shuuya gun inazuma_eleven inazuma_eleven_(series) long_hair male_focus ponytail rifle sara_bon scarf simple_background sniper_rifle solo swimsuit tengen_toppa_gurren_lagann weapon white_background yoko_littner yoko_littner_(cosplay)
1000466,1boy fate/stay_night fate_(series) fusion kotomine_kirei long_hair lowres male_focus parody priest solo tohsaka_rin
2106572,1boy blonde_hair commentary_request gelato jojo_no_kimyou_na_bouken male_focus nipple_piercing nipple_rings open_clothes open_shirt piercing shirt solo zwk_(zawako)
2162060,1boy anzumame bellflower blue_eyes boots commentary_request earrings flattop floral_background flower full_body glowing grey_background grey_hair holding holding_flower jean_pierre_polnareff jewelry jojo_no_kimyou_na_bouken large_pectorals lily_(flower) male_focus muscular narrow_waist pectorals photoshop_(medium) pouch simple_background smelling_flower solo standing wristband
3970837,1boy armor armored_boots blue_eyes boots commentary_request dragon dragon_wings fire_emblem fire_emblem:_the_blazing_blade fire_emblem_cipher gloves green_hair heath_(fire_emblem) male_focus multicolored_hair nagahama_megumi official_art open_mouth polearm solo spear teeth two-tone_hair weapon white_hair wings
1938569,1boy 4koma :t brown_hair comic commentary_request face highres kashuu_kiyomitsu kotobuki_xxx long_hair looking_at_viewer male_focus mole mole_under_mouth multiple_views open_mouth ponytail red_eyes red_scarf scarf speech_bubble touken_ranbu translation_request upper_body
4971388,1boy american_football american_football_(object) american_football_uniform animal_ears ball bara brown_eyes brown_hair cow_boy cow_ears cow_horns ep06 eye_black feather_necklace fiery_horns glowing_horns highres holding holding_ball horns male_focus muscular muscular_male pectorals shirt short_hair short_sleeves solo spiked_hair sportswear thick_eyebrows tight tight_shirt tokyo_afterschool_summoners unfinished wakan_tanka
4155410,1boy absurdres barefoot bird blue_eyes blue_hair body_markings braid cloud commentary contemporary dove elbow_gloves feathered_wings feathers feet flower genshin_impact gloves gradient_hair hair_flower hair_ornament highres long_sleeves looking_at_viewer male_focus mishhekht multicolored_hair open_mouth otoko_no_ko single_thighhigh sky smile solo thighhighs twin_braids venti_(genshin_impact) wings
2251393,1boy bad_id bad_pixiv_id black_hair blue_background closed_eyes drunk formal male_focus matsuno_karamatsu null2deoru official_style osomatsu-kun osomatsu-san polka_dot polka_dot_background simple_background six_same_faces smile solo star_(symbol) suit translated
1099593,1boy all_fours bandana brendan_(pokemon) carrying commentary_request glowing glowing_eyes groudon highres looking_at_viewer male_focus monster pokemon pokemon_(creature) pokemon_(game) pokemon_rse satobitorotoku shoulder_carry size_difference
4443648,1boy arm_up artist_name azisaiharumaki56 belt black_coat black_pants boku_no_hero_academia coat colored_skin commentary_request covered_eyes dabi_(boku_no_hero_academia) ear_piercing fingernails grin highres making-of_available male_focus pants piercing purple_skin shirt short_hair signature smile solo spiked_hair spoilers stitches teeth todoroki_touya torn_clothes twitter_username white_background white_hair white_shirt
4486569,1boy absurdres animal arms_up artist_name bad_id bad_pixiv_id badge bangs blush breast_pocket brown_hair clothes_lift collared_shirt commentary_request danganronpa_(series) danganronpa_2:_goodbye_despair green_necktie grey_eyes highres hinata_hajime long_tongue looking_at_viewer male_focus necktie open_mouth pocket saliva scales shirt shirt_lift short_hair snake solo tongue tongue_out tuteurfars_shin upper_body white_shirt white_snake
388125,1boy alcohol chibi frederic_chopin fuju hat lowres male_focus sitting solo top_hat trusty_bell wine
1710725,1boy brown_eyes bug butterfly commentary_request emg_(christain) flower gakuran highres hydrangea jojo_no_kimyou_na_bouken kakyoin_noriaki male_focus photoshop_(medium) rain red_hair school_uniform solo v-neck
1635917,1boy :d alternate_eye_color bad_id bad_pixiv_id black_eyes blue_hair colored_skin crazy_eyes earrings fingerless_gloves fire_emblem fire_emblem_awakening gloves holding inigo_(fire_emblem) jewelry knife kudakeru long_sleeves looking_down male_focus open_mouth parted_lips prince shield smile solo stab symbol-shaped_pupils weapon white_skin
4358292,1boy absurdres closed_mouth giorno_giovanna greyscale highres jacket jojo_no_kimyou_na_bouken long_hair looking_at_viewer male_focus monochrome signature simple_background sofra solo twitter_username upper_body v-shaped_eyebrows vento_aureo white_background
4976534,1boy after_battle armor black_armor build_driver driver_(kamen_rider) fullbottle hazard_trigger highres kamen_rider kamen_rider_build kamen_rider_build_(series) looking_down male_focus otokamu rabbit+tank_form_(black_hazard) red_eyes reflection reflective_water rider_belt
1023814,1boy bad_id bad_pixiv_id belt bird bracelet c.seryl chain choker eyepatch inazuma_eleven inazuma_eleven_(series) jewelry long_hair male_focus ocean open_mouth penguin photoshop_(medium) sakuma_jirou sitting solo two_side_up white_hair yellow_eyes
4952839,1boy adjusting_clothes adjusting_headwear bangs black_cape black_coat black_headwear blue_coat blue_hair cabbie_hat cape chain closed_mouth coat commentary_request full_body gloves hat holding holding_scythe kerberos_blade long_sleeves looking_at_viewer male_focus natsuya_(kuttuki) necktie purple_cape purple_eyes purple_necktie scythe short_hair smile solo two-sided_cape two-sided_fabric two-tone_coat white_gloves yellow_background
791372,1boy bad_id bad_pixiv_id blonde_hair casual dylan_keith forehead headphones high_ponytail hiramatsu_(rama) inazuma_eleven inazuma_eleven_(series) male_focus photoshop_(medium) scarf solo sunglasses
4053740,1boy alternate_hairstyle aqua_eyes astel_leda bangs blonde_hair blue_hair blue_pants bridal_gauntlets closed_mouth collarbone commentary_request full_body hair_over_one_eye highres holostars jacket japanese_clothes kimono looking_at_viewer male_focus multicolored_hair nakamura_eight official_alternate_costume official_art pants sandals sash short_hair simple_background sketch smile solo straight-on tachi-e two-tone_hair virtual_youtuber white_background
1437296,1boy armor bad_id bad_pixiv_id blonde_hair cape crossed_legs emperor_(ff2) final_fantasy final_fantasy_ii highres horns long_hair male_focus pinnappleorange sitting solo
3599517,1boy absurdres armor black_background blonde_hair blue_eyes cape commentary_request dimitri_alexandre_blaiddyd fire_emblem fire_emblem:_three_houses garreg_mach_monastery_uniform highres korean_commentary male_focus manly portrait shycocoa solo
5213193,1boy bangs black_hair bleeding blood blood_on_face blood_on_hands blood_stain commentary_request deep_wound earrings fate/grand_order fate_(series) hair_over_one_eye hands_up highres injury jacket japanese_clothes jewelry kuga_huna long_hair long_sleeves looking_away male_focus multicolored_hair pectoral_cleavage pectorals red_eyes red_hair simple_background solo streaked_hair takasugi_shinsaku_(fate) underpec upper_body white_background white_hair white_jacket wide_sleeves
1745381,1boy admiral_(kancolle) comic commentary_request greyscale hat kantai_collection male_focus matsuda_chiyohiko military military_uniform monochrome naval_uniform peaked_cap solo tonda translated uniform
3949716,1boy bangs black_pants boots brown_footwear brown_hair cape chibi commentary_request full_body green_cape green_eyes hair_between_eyes kono_subarashii_sekai_ni_shukufuku_wo! kuena long_sleeves magic male_focus open_mouth pants satou_kazuma sheath shirt shoe_soles simple_background solo v-shaped_eyebrows white_background white_shirt
428393,1boy armband artist_request battle full_moon gekkoukan_high_school_uniform male_focus moon nyx_avatar persona persona_3 school_uniform sword weapon yuuki_makoto
2398904,1boy amano_ginji artist_name bad_id bad_pixiv_id blonde_hair brown_eyes flower getbackers hat kmkn_z leaf male_focus midriff navel open_mouth solo straw_hat sunflower teeth
4406847,1boy :| blonde_hair bright_pupils brown_jacket closed_mouth collarbone expressionless high_collar hikasa_shikatarou jacket kiko_(kikobooom) looking_away looking_down looking_to_the_side male_focus multicolored_hair red_hair short_hair simple_background solo two-tone_hair v-shaped_eyebrows voms white_background white_pupils yellow_eyes
1405362,1boy aoi_norio asou_riku brown_eyes brown_hair camera commentary_request glasses grin machi_(game) male_focus necktie school_uniform smile solo
343135,1boy allelujah_haptism bad_id bad_pixiv_id celestial_being_uniform gloves greyscale gundam gundam_00 higi_(rodriguez) jacket male_focus monochrome solo
2208335,1boy absurdres atori412 bad_id bad_pixiv_id black_hair black_reaper colored_skin grey_skin heterochromia highres kaneki_ken looking_at_viewer male_focus sasaki_haise solo tokyo_ghoul tokyo_ghoul:re upper_body
1145944,1boy bad_id bad_pixiv_id baggy_pants fei_rune fingerless_gloves gloves green_eyes green_hair inazuma_eleven_(series) inazuma_eleven_go inazuma_eleven_go_chrono_stone konbu_wakame male_focus pants solo twintails
1273575,1boy armor bad_id bad_pixiv_id berserk bonsowaaaaaaaaa cape griffith_(berserk) horse long_hair male_focus photoshop_(medium) solo sword wavy_hair weapon white_hair
4640432,1boy bad_id bad_pixiv_id blue_sky boku_no_hero_academia closed_eyes cloud commentary_request contrail elbow_gloves freckles freestyle18 gloves green_hair grin happy hood hood_down letterboxed male_focus mask mask_around_neck mask_removed midoriya_izuku outstretched_arm short_hair sky smile solo sweat teeth v white_gloves
4446674,1boy black_eyes black_hair boots brown_coat coat contemporary copyright_name crossed_legs dark-skinned_male dark_skin full_body fur_trim golden_kamuy green_background highres khakis koito_otonoshin male_focus short_hair simple_background sitting solo white_footwear zhege_qiongsi_bu_tai_leng
5041281,1boy battle_tendency capelet circlet earrings eyeshadow horns jewelry jojo_no_kimyou_na_bouken kars_(jojo) long_coat long_hair makeup male_focus microphone purple_hair red_eyes solo wavy_hair yepnean
2027591,1boy brown_hair commentary_request highres kekkai_sensen klaus_von_reinhertz male_focus manly modare mutton_chops necktie sideburns solo tusks
5333287,1boy absurdres arknights belt bishounen black_gloves black_hair blue_gloves blue_neckerchief cowboy_shot ear_piercing fish_boy formal freckles gloves hand_up highres infection_monitor_(arknights) looking_at_viewer lumen_(arknights) male_focus neckerchief orange_eyes piercing shirt short_hair suit umbrella underwater water white_shirt yingu494
2772285,1boy bat black_hair blue_skin colored_skin commentary_request copyright_name force_of_will full_body glowing glowing_eyes male_focus miyagekko mouse official_art open_mouth purple_eyes sky solo teeth tombstone torn_clothes tree zombie
1340964,1boy bad_id bad_pixiv_id evangelion:_3.0_you_can_(not)_redo fraisee ikari_shinji male_focus nagisa_kaworu neon_genesis_evangelion plugsuit pov rebuild_of_evangelion smile solo_focus spoilers
1252936,1boy brown_eyes brown_hair cassock cheekbones commentary_request cross cross_necklace crossed_legs fate/stay_night fate_(series) jewelry kotomine_kirei male_focus necklace no_pants photoshop_(medium) shaliva sitting solo
889530,1boy ar_(rikuesuto) banagher_links brown_eyes brown_hair commentary_request gundam gundam_unicorn haro male_focus painttool_sai_(medium) solo
3806506,1boy bangs barefoot border0715 brown_eyes brown_hair chinese_clothes commentary_request cuffs feather_fan full_body hand_fan handcuffs highres holding holding_fan jiang_wei long_hair long_sleeves looking_at_viewer male_focus parted_lips rain reflection ripples sangoku_musou_1 shooting_star simple_background sitting solo water white_background wide_sleeves
1308138,1boy animal_ears blush cat chibi commentary_request green_eyes inazuma_eleven_(series) inazuma_eleven_go kirino_ranmaru male_focus pink_hair raimon raimon_soccer_uniform soccer_uniform solo sportswear standing tail twintails yuuki_arisu_(yuigi)
4775672,1boy bandana blonde_hair chinese_commentary commentary_request danitz_(lord_of_the_mysteries) elbow_on_knee fingerless_gloves fire gloves jewelry lord_of_the_mysteries male_focus necklace sandals shirt short_hair shorts simple_background smile suixinhaoba teeth tongue white_shirt yellow_eyes
1875728,1boy blonde_hair blue_eyes bubble caesar_anthonio_zeppeli commentary_request facial_mark feather_hair_ornament feathers fingerless_gloves foreshortening gloves green_jacket hair_ornament highres hydrokinesis jacket jojo_no_kimyou_na_bouken male_focus samuraisamurai solo water
4654549,1boy bad_id bad_pixiv_id bangs collarbone commentary_request cowboy_shot danganronpa_(series) danganronpa_2:_goodbye_despair grey_background grey_eyes grey_hair hair_between_eyes hoshihuri hospital_gown in_mouth komaeda_nagito long_sleeves male_focus medium_hair open_mouth saliva solo sweat
4534587,1boy alternate_eye_color bangs bullet collarbone commentary_request danganronpa_(series) danganronpa_2:_goodbye_despair green_background green_eyes green_theme gun hair_between_eyes highres hitoto holding holding_gun holding_weapon komaeda_nagito looking_at_viewer male_focus monochrome parted_lips profile shirt short_hair simple_background sketch smile solo spot_color teeth upper_body weapon
5222313,1boy absurdres ace_attorney belt black_pants buttons coffee coffee_mug collared_shirt commentary cup dark-skinned_male dark_skin denaseey earrings facial_hair formal goatee godot_(ace_attorney) green_shirt grin hand_in_pocket headgear highres jewelry korean_commentary male_focus messy_hair mug necktie pants shirt sleeve_cuffs smile vest visor white_hair white_necktie white_vest
1067666,1boy action brown_eyes brown_hair city commentary_request facial_hair kaburagi_t._kotetsu male_focus natune_(konatu44) necktie perspective rope solo stubble swinging tiger_&_bunny vest waistcoat
5002288,1boy animal_ears armband asutarou blush body_fur boots breasts cleavage commentary dakimakura_(medium) full_body furry furry_male highres jackal_boy jackal_ears jackal_tail jewelry looking_at_viewer male_focus markings necklace official_alternate_costume pelvic_curtain seth_(housamo) solo tail tokyo_afterschool_summoners two-tone_fur
4267032,1boy absurdres armor bandaged_foot bandaged_neck bandages bare_shoulders bead_necklace beads brown_hair chap_yun hair_between_eyes hand_on_hip highres horns jewelry katana long_hair magatama male_focus mask mask_removed necklace off_shoulder oni oni_horns open_mouth original pauldrons pointy_ears red_horns scabbard sheath sheathed shoulder_armor single_pauldron solo standing sword toenails weapon yellow_eyes
3418418,1boy 1other absorbing blonde_hair blue_eyes commentary_request copy_ability hat kirby kirby_(series) link long_hair male_focus open_mouth pointy_ears sayoyonsayoyo short_hair simple_background spoilers sword the_legend_of_zelda the_legend_of_zelda:_link's_awakening tunic weapon
2875062,1boy ass astolfo_(fate) black_bow blush bow braid censored commentary_request condom condom_wrapper erection fang fate/apocrypha fate_(series) hair_intakes highres long_hair looking_at_viewer loopingwing male_focus multicolored_hair nipples nose_blush nude otoko_no_ko pectorals penis pink_hair purple_eyes single_braid smile solo standing streaked_hair very_long_hair
1707419,1boy black_hair commentary_request dolaical elbow_gloves fingerless_gloves gloves hand_wings male_focus nail_polish naruto naruto_(series) red_eyes rope sandals solo uchiha_sasuke wings
4892581,1boy absurdres autumn blue_pants cigarette commentary_request evening fantasy forest grass highres landscape male_focus mushroom nature original pants plant santo_moco scenery shade shirt shoes smoke smoking sunlight tree white_shirt
230021,1boy armor bleach dark-skinned_male dark_skin male_focus photoshop_(medium) red_hair sado_yasutora sayo_tanku solo
3787644,1boy bar bartender blue_eyes bottle bow bowtie brown_hair cherry cocktail_glass cocktail_shaker commentary_request counter csyday cup drink drinking_glass fate/grand_order fate_(series) food fruit gem grey_hair hair_between_eyes highres jigger looking_away male_focus multicolored_hair name_tag no_mask parted_lips pouring prince_of_lan_ling_(fate) purple_eyes shelf shirt smile solo spoon two-tone_hair waistcoat white_shirt
3931911,1boy abstract alternate_costume blue_eyes bug butterfly dated grey_hair hair_ornament kousetsu_samonji long_hair male_focus mzet pale_skin portrait scroll shadow solo touken_ranbu
1058257,1boy ahoge black_hair commentary_request diarmuid_ua_duibhne_(lancer)_(fate) fate/zero fate_(series) fufu_(dewkaede) gae_buidhe_(fate) gae_dearg_(fate) letterboxed male_focus mole mole_under_eye photoshop_(medium) polearm portrait solo spear weapon yellow_eyes
1977559,1boy ;) armor bad_id bad_pixiv_id black_thighhighs blonde_hair blue_eyes crossdressing dress finger_to_mouth frilled_dress frills fudeyama_(fudeco) hat japanese_armor kneeling long_hair male_focus midare_toushirou military military_uniform one_eye_closed otoko_no_ko sheath short_sleeves short_sword shoulder_armor smile sode solo sword tantou thighhighs touken_ranbu uniform weapon zettai_ryouiki
372433,1boy casshern_sins dune_(artist) dune_(casshern_sins) flower male_focus open_mouth red_eyes rose silver_hair solo
230710,1boy bald bankai bleach madarame_ikkaku male_focus photoshop_(medium) sayo_tanku sword topless_male weapon
4965192,1boy absurdres bara bare_shoulders black_tank_top brushing_teeth buzz_cut covered_nipples from_side highres long_sideburns male_focus mature_male muscular muscular_male original pectoral_cleavage pectorals powerlesssong short_hair sideburns sidepec solo tank_top thick_eyebrows veins very_short_hair
1690291,1boy bad_id bad_pixiv_id blonde_hair blue_eyes curly_hair giorno_giovanna jojo_no_kimyou_na_bouken male_focus mmm1597 realistic solo vento_aureo
1680203,1boy bandaid bandaid_on_face bandaid_on_nose black_hair blush commentary_request earrings jewelry kill_la_kill kinagase_tsumugu male_focus mohawk multicolored_hair red_hair solo tetsukuzu_tetsuko two-tone_hair
419804,1boy belt brown_hair castlevania castlevania:_the_arcade coat lowres male_focus official_art solo whip
4972642,1boy akahara_(akaharaillust) bangs closed_mouth from_side gradient gradient_background grey_background hand_up highres kaneki_ken looking_at_viewer male_focus mask mouth_mask red_eyes shiny shiny_clothes shiny_hair short_hair solo spot_color teeth_print tokyo_ghoul
1546646,1boy absurdres axe blue_eyes brown_hair castle castlevania castlevania:_curse_of_darkness chain cloud cloudy_sky coat commentary_request food_fighter_441 gloves highres long_hair male_focus pants photoshop_(medium) scar shirt short_sleeves sky trevor_c._belmont weapon whip
4637362,1boy asymmetrical_gloves bangs belt bike_shorts black_hair commentary_request cropped_jacket gloves green_eyes hands_up highres holding holding_microphone jacket long_hair male_focus microphone microphone_stand mismatched_gloves morio_(poke_orio) multicolored_hair music open_mouth piers_(pokemon) pokemon pokemon_(game) pokemon_swsh shirt singing solo sparkle teeth tongue two-tone_hair upper_teeth white_hair white_jacket
4332138,1boy ahoge bad_id bad_twitter_id barcode belt black_footwear character_name earrings fangs film_grain fingernails highres holding holding_scythe holding_weapon jewelry kukicha male_focus neck_ribbon open_mouth original pale_skin pinky_ring pointy_ears red_eyes red_hair red_ribbon ribbon ring scarf scythe slit_pupils smile solo standing tongue vampire weapon white_scarf
5424460,1boy abs alternate_facial_hair arms_up bara blush clothes_pull collage erection facial_hair feet_out_of_frame headband highres kalamari large_pectorals long_sideburns male_focus male_pubic_hair mature_male multiple_views muscular muscular_male navel navel_hair nipples no_male_underwear nude pants pants_pull pectorals penis pubic_hair red_headband ryu_(street_fighter) short_hair sideburns stomach street_fighter street_fighter_6 stubble thick_thighs thighs topless_male uncensored veins veiny_penis
5123839,1boy alternate_costume animal_ears bad_id bad_twitter_id bangs blue_hair blush border eye_mask genshin_impact grey_background grey_border hashtag heart hogarakayo holding holding_stuffed_toy long_sleeves male_focus mask mask_on_head one_eye_closed orange_eyes pajamas portrait rabbit_ears simple_background smile solo stuffed_animal stuffed_bunny stuffed_toy white_background xingqiu_(genshin_impact)
3982676,1boy borrowed_character bright_pupils closed_mouth collared_shirt dated heart highres looking_at_viewer male_focus necktie original shirt signature smile solo suspenders tocky white_pupils wing_collar
4400035,1boy \n/ apex_legends black_gloves black_headwear fingerless_gloves gloves goggles green_eyes grey_background grey_shorts hand_in_pocket iwamoto_zerogo leaning_back looking_ahead male_focus mask mechanical_legs mouth_mask navel octane_(apex_legends) prosthesis prosthetic_leg shorts solo
515203,1boy ball blonde_hair cain_highwind commentary_request final_fantasy final_fantasy_iv furuko_(fullco) helmet long_hair male_focus md5_mismatch product_placement racket resolution_mismatch solo source_smaller sportswear sweat tennis_ball tennis_racket tennis_uniform wristband
1115781,1boy blonde_hair brown_eyes commentary_request flower fox_mask japanese_clothes kimono male_focus mask natsume_takashi natsume_yuujinchou solo yoshinori_(fmn)
4155680,1boy arizuka_(catacombe) blank_eyes blood blood_on_clothes blood_on_weapon bloodborne boots brown_coat brown_footwear brown_headwear brown_pants coat commentary covered_mouth from_behind full_body gloves grey_hair hat highres holding holding_weapon hunter_(bloodborne) male_focus mask pants saw_cleaver shadow solo standing tricorne weapon
4220524,1boy absurdres animal_ears backlighting bara beige_fur belly blush cherry_blossoms collared_shirt dog_boy dog_ears forked_eyebrows furry furry_male gakuran highres hoshi_(art_hoshi) incoming_hug male_focus moritaka_(housamo) muscular muscular_male one_eye_closed open_hands partially_unbuttoned petals plump scar scar_on_cheek scar_on_face school_uniform shirt short_hair solo tokyo_afterschool_summoners upper_body white_shirt
4352642,1boy abs bara beard black_hair blue_male_swimwear cloud cloudy_sky cowboy_shot facial_hair highres koji_(wildlhz) large_pectorals looking_to_the_side male_focus male_swimwear mature_male muscular muscular_male navel navel_hair nipples original pectorals short_hair sky solo stomach sunlight swim_trunks topless_male
5046431,1boy earrings eyelashes gakuran hand_on_own_chest jewelry jojo_no_kimyou_na_bouken kakyoin_noriaki kankito long_coat lying male_focus red_hair school_uniform sleeping solo stardust_crusaders
4402745,1boy bangs belt bio_lab black_gloves blue_pants brown_belt closed_mouth commentary_request crop_top expressionless fur-trimmed_shirt fur_trim gauntlets gloves green_hair howard_alt-eisen looking_at_viewer looking_back male_focus pants piyomaru029 pouch ragnarok_online red_eyes shirt short_hair sitting solo suspenders upper_body white_shirt whitesmith_(ragnarok_online)
5303383,1boy animal_ears animal_hands armlet black_sclera body_fur centauroid claws collared_jacket colored_sclera commentary cropped_jacket doshaburi_(kushira) extra_ears extra_hands feathered_wings feathers full_body highres jacket jewelry looking_at_viewer male_focus monster_boy necklace original purple_feathers purple_jacket red_background simple_background slit_pupils solo symbol-only_commentary tail taur white_eyes white_fur white_hair winged_arms wings
3643197,1boy absurdres brown_hair commentary_request denim full_body guitar highres instrument jeans jewelry looking_at_viewer macross macross_7 male_focus necklace nekki_basara open_mouth pants solo source_(6358nnnnnnnnnn) sunglasses torn_clothes torn_jeans torn_pants wristband
5417652,1boy absurdres asymmetrical_bangs bangs belt black_gloves blue_eyes blue_hair choker coat coat_on_shoulders collarbone collared_shirt ear_piercing english_commentary eriimyon genshin_impact gloves highres kamisato_ayato long_sleeves looking_at_viewer male_focus mole mole_under_mouth navel pants pectorals piercing shirt simple_background smug sparkle striped striped_shirt twitter_username undone_necktie vertical-striped_shirt vertical_stripes white_background white_coat white_pants white_shirt wing_collar
4578382,1boy absurdres bara beard broken_horn brown-framed_eyewear close-up collarbone completely_nude dark_blue_hair demon_boy demon_horns face facial_hair fang fiery_horns forked_eyebrows glasses highres horns kageru_(mofnyan) long_sideburns looking_at_viewer male_focus mature_male muscular muscular_male nude pointy_ears red_eyes saliva sexually_suggestive short_hair sideburns smug solo stubble takemaru_(housamo) thick_eyebrows tokyo_afterschool_summoners tongue tongue_out
2104236,1boy bad_id bad_pixiv_id blush bottomless brown_hair camisole censored christine_(kuro_(kuronell)) erection highres knees_together_feet_apart kuro_(kuronell) long_hair male_focus original otoko_no_ko penis photoshop_(medium) red_eyes sitting solo tears thighhighs twintails
3368255,1boy bad_id bad_pixiv_id black_hair closed_mouth forest grey_eyes hands_in_pockets hirota_tsuu labcoat long_sleeves male_focus name_tag nature original solo standing tree turtleneck upper_body usuzumi_kei
5032576,1boy ass back bangs bara black_hair black_shorts blue_eyes blush closed_mouth looking_back male_focus muscular muscular_male original short_hair shorts skin_tight solo taut_clothes taut_shorts thick_thighs thighs topless_male torakichi_(ebitendon) translation_request twitter_username
1676071,1boy admiral_(kancolle) bangs blunt_bangs braid comic commentary_request greyscale hair_over_shoulder kantai_collection kitakami_(kancolle) koketsu_(koketsu-ya) long_hair male_focus monochrome photo_(object) picture_frame school_uniform serafuku single_braid smile solo translated v
1131706,1boy bad_id bad_pixiv_id bangs black_socks boxers clothes_pull fate/zero fate_(series) green_eyes male_focus male_underwear necktie ninnnikujam no_shoes on_bed otoko_no_ko pants pants_pull parted_bangs socks solo top-down_bottom-up underwear waver_velvet
617655,1boy baka_to_test_to_shoukanjuu chocolate commentary_request completely_nude kinoshita_hideyoshi male_focus naked_chocolate nude otoko_no_ko sakura_hanatsumi solo translated
4877214,1boy armor black_bodysuit black_border blue_eyes bodysuit border chest_jewel closed_mouth collar dashijiru fate/apocrypha fate/grand_order fate_(series) fur_collar hair_between_eyes highres karna_(fate) light_blue_background looking_afar male_focus medium_hair pale_skin solo spiked_collar spikes standing white_hair
5194097,1boy bangs closed_mouth commentary_request eyebrows_behind_hair fate/grand_order fate_(series) hair_between_eyes highres japanese_clothes kimono koha-ace long_hair looking_away low_ponytail male_focus monochrome oda_nobukatsu_(fate) ponytail red_eyes sidelocks simple_background smile solo spot_color tachitsu_teto upper_body very_long_hair white_background
1189451,1boy bad_id bad_pixiv_id blue_hair company_connection duke_pantarei katamari_damacy kneeling long_hair male_focus shiro_(reptil) simple_background tales_of_(series) tales_of_vesperia the_prince_(katamari_damacy)
2825953,1boy armor blonde_hair breastplate commentary_request gold_armor gold_saint green_eyes happy_birthday helm helmet leo_aiolia looking_to_the_side male_focus pauldrons saint_seiya shoulder_armor simple_background solo white_background yoneko
506528,1boy bad_id bad_pixiv_id belt card decadriver eou holding holding_card kamen_rider kamen_rider_dcd kamen_rider_decade lowres male_focus pixel_art solo
4052974,1boy absurdres alien greyscale highres ink_(medium) looking_at_viewer male_focus matutoya monochrome open_hand photo_(medium) solo standing tokusatsu traditional_media ultra_series ultraman_z ultraman_z_(series)
932961,1boy bad_id bad_pixiv_id brown_eyes brown_hair cabbie_hat facial_hair haruhikohiko hat highres kaburagi_t._kotetsu male_focus mask necktie night night_sky reflection sky solo stubble tiger_&_bunny vest
5250434,1boy amo_(amo9612) beard black_hair camouflage camouflage_shirt collared_jacket communicator dark-skinned_male dark_skin facial_hair highres jacket jewelry looking_at_viewer male_focus necklace overwatch overwatch_1 reaper_(overwatch) red_eyes shirt smoke soldier_24_(overwatch) solo thick_eyebrows upper_body
1715159,1boy bad_id bad_pixiv_id blood blood_on_face blue_hair hat jojo_no_kimyou_na_bouken kujo_jotaro lowres male_focus meiji_ken red_eyes solo
5199208,1boy >_o animal bara black_hair black_pants black_sheep cloud day flower_wreath grey_jacket head_wreath highres holding jacket korean_commentary large_pectorals male_focus muscular muscular_male off_shoulder one_eye_closed open_clothes open_jacket original outdoors pants pectorals rainbow sheep shirt short_hair sky smile ssong-ga watch white_shirt wristwatch
2271846,1boy building commentary_request daison ghost_driver hood hoodie horns kamen_rider kamen_rider_ghost kamen_rider_ghost_(series) male_focus ore_damashii photoshop_(medium) satellite single_horn solo squatting
5027758,1boy abs achilles_(fate) achilles_(festival_outfit)_(fate) bangs bara fate/grand_order fate_(series) fingerless_gloves fist_in_hand gloves green_hair grin large_pectorals male_focus muscular muscular_male navel nipples official_alternate_costume orange_shorts pectorals rinnnnake short_hair shorts sideburns smile solo spiked_hair stomach swept_bangs topless_male undercut wrestling_outfit
1014297,1boy absurdres alex_kintner armor commentary_request dead_space gun helmet highres isaac_clarke male_focus photoshop_(medium) plasma_cutter solo weapon
3692651,1boy blue_hair blush bright_pupils commentary_request gloves hacka_doll hacka_doll_3 ixy long_hair looking_at_viewer male_focus open_mouth otoko_no_ko purple_eyes simple_background solo upper_body white_background white_gloves white_pupils
4518432,1boy black_hair bomber_jacket bulletin_board cheetahman_(1ddghfr78cswc) cigarette disco_elysium from_side glasses gloves grey_background hair_slicked_back highres holding holding_cigarette jacket kim_kitsuragi male_focus pants round_eyewear short_hair simple_background smoking solo standing undercut
1312082,1boy bad_link bodysuit drdklee45 evangelion:_2.0_you_can_(not)_advance hand_on_own_chest male_focus nagisa_kaworu neon_genesis_evangelion plugsuit realistic rebuild_of_evangelion red_eyes silver_hair smile solo
807648,1boy axis_powers_hetalia bad_id bad_pixiv_id brown_hair face glasses green_eyes hat k-takamitsu lithuania_(hetalia) male_focus military military_uniform solo uniform whip
3779664,1boy bishounen blue_eyes chest_jewel colored_skin commentary_request fate/apocrypha fate_(series) heterochromia high_collar highres karna_(fate) male_focus mchi mountainous_horizon portrait red_eyes solo white_hair white_skin
4888588,1boy absurdres aqua_eyes arm_behind_back arurandeisu beard bowing buttons chef_uniform closed_mouth dappled_sunlight door double-breasted facial_hair flower glasses green_neckerchief grey_hair hand_on_own_chest highres holostars italian_text kainown looking_at_viewer male_focus muscular muscular_male neckerchief official_alternate_costume short_hair smile solo sunlight undercut upper_body virtual_youtuber wisteria
5470001,1boy adjusting_collar alternate_costume annouu_ronpa aran_sweater arm_at_side asymmetrical_bangs bangs belafu_(human) brown_background cable_knit closed_mouth contemporary cowboy_shot flat_color green_pants hand_up highres light_smile long_sleeves looking_away made_in_abyss male_focus pants partially_colored ribbed_sweater scar scar_on_face short_hair solo standing sweater
1294331,1boy ameyoi armor bad_id bad_pixiv_id character_name coat copyright_name crossed_arms expressionless gaius_(tales) gloves hair_ornament hairpin male_focus red_background red_eyes solo surcoat tales_of_(series) tales_of_xillia zoom_layer
5250237,1boy blonde_hair chain checkered_clothes checkered_scarf closed_eyes earrings highres hunter_x_hunter jewelry kurapika long_sleeves male_focus pimientosdulces scarf short_hair solo striped striped_clothes
1991260,1boy bad_id bad_pixiv_id black_hair blue_eyes free! highres iwatobi_high_school_uniform male_focus miura_(ayame) nanase_haruka_(free!) necktie polka_dot school_uniform
2260349,1boy bang_(one-punch_man) blush_stickers comic commentary_request downtown_no_gaki_no_tsukai_ya_arahende!! facial_hair greyscale male_focus monochrome mustache old old_man one-punch_man pun rao_ruki translated
4944499,1boy ahoge bad_id bad_twitter_id bangs black_gloves blue_eyes commentary earrings eyelashes genshin_impact gloves hair_between_eyes highres jacket jewelry looking_at_viewer male_focus mask mask_on_head orange_hair red_scarf scarf simple_background single_earring solo tartaglia_(genshin_impact) upper_body white_background yktoo_ns
389835,1boy blue_hair closed_eyes commentary_request devil_survivor headphones jouban male_focus painttool_sai_(medium) protagonist_(devil_survivor) solo
900552,1boy character_name crop_top greyscale jewelry judal kazuki_yone long_hair magi_the_labyrinth_of_magic male_focus monochrome neck_ring solo upper_body
4189488,1boy :d alternate_hairstyle bad_id bad_twitter_id bangs black_hair black_headwear black_pants blue_background blush border cabbie_hat commentary_request cosplay danganronpa_(series) danganronpa_v3:_killing_harmony hair_between_eyes hat hat_removed headwear_removed holding holding_clothes holding_hat jacket korean_commentary long_sleeves looking_at_viewer male_focus messy_hair open_mouth ouma_kokichi pants purple_eyes saihara_shuuichi saihara_shuuichi_(cosplay) short_hair sihye_(sihye1202) sleeves_past_wrists smile solo striped striped_jacket striped_pants white_border
2094920,1boy ass bad_id bad_pixiv_id blue_hair bodysuit contrapposto cu_chulainn_(fate) cu_chulainn_(fate/stay_night) facing_away fate/stay_night fate_(series) from_behind gae_bolg_(fate) high_contrast j_(onjj) male_focus polearm ponytail solo spear standing weapon
4695574,... 1boy amami_rantarou bangs book book_stack chibi comic commentary_request cup danganronpa_(series) danganronpa_v3:_killing_harmony fc_(efushii) green_eyes green_hair highres jewelry long_sleeves male_focus necklace open_book open_mouth shirt short_hair sitting sleeping sleepy speech_bubble spilling spoken_ellipsis striped striped_shirt zzz
5073159,1boy abstract black_hair cocontma colorful commentary disembodied_eye flower highres looking_at_viewer male_focus original shirt short_hair solo surreal symbol-only_commentary upper_body white_shirt wide_shot
5471368,1boy black_jacket black_necktie black_pants collared_shirt danganronpa_(series) danganronpa_2:_goodbye_despair grey_shirt hair_between_eyes highres jacket kamukura_izuru knees_up long_hair looking_at_viewer lying male_focus messy_hair necktie on_back open_clothes open_jacket pants parted_lips red_eyes shirt skip_(skipmod) solo upside-down very_long_hair
5062167,1boy arms_behind_back bangs bara belt blonde_hair blush falling_petals feather_boa granblue_fantasy green_eyes higashigunkan idol jacket looking_at_viewer male_focus multicolored_clothes multicolored_jacket muscular muscular_male official_alternate_costume open_clothes open_jacket orange_jacket pants petals short_hair smile solo teeth two-tone_jacket vane_(granblue_fantasy) white_belt white_jacket white_pants
2765676,1boy armor bandolier black_nails camouflage camouflage_pants chain chibi commentary_request english_text fat fat_man fingerless_gloves gas_mask gloves grey_hair hook jump_rope knee_pads male_focus mask muscular nail_polish navel overwatch overwatch_1 pants pauldrons pig_tattoo poem roadhog_(overwatch) shoulder_armor single_pauldron solo spikes stomach_tattoo studded_bracelet tattoo topless_male weapon whistle_frog
5168272,1boy black_hair cosplay frankenstein's_monster frankenstein's_monster_(cosplay) grin halloween_costume hand_up highres hunter_x_hunter kigchi leorio_paladiknight looking_at_viewer male_focus partially_colored scar scar_on_face smile solo yellow_eyes
4961690,1boy animal_ears black_hair broom cat_ears cowboy_shot earrings expressionless green_eyes gun hair_between_eyes handgun highres holding holding_broom holding_gun holding_weapon indoors ishida_(segu_ishida) jewelry juliet_sleeves light_smile long_sleeves maid maid_headdress male_focus original pointing pointing_at_viewer puffy_sleeves short_hair sidelighting solo very_short_hair weapon
5200181,1boy blue_eyes blue_hair business_suit buttons chongyun_(genshin_impact) closed_mouth commentary cup english_commentary formal genshin_impact hair_between_eyes highres holding indoors long_sleeves looking_at_viewer male_child male_focus necktie shimanakao_(shimanaka_sushi) suit
2149972,1boy black_hair commentary_request gundam gundam_barbatos gundam_tekketsu_no_orphans jacket male_focus mecha mikazuki_augus moto_murabito oversized_clothes pants robot solo
4896576,1boy blonde_hair bloody_murderer brown_gloves building cobblestone commentary daniel_renard door english_commentary gloves grey_cloak halloween holding holding_sword holding_weapon house in-universe_location jack-o'-lantern lamppost male_focus mask masked outdoors pumpkin purple_sky ragnarok_online sword weapon
2225027,1boy :3 bowl_cut brown_hair commentary_request denim hood hoodie jeans kendama male_focus matsuno_todomatsu osomatsu-kun osomatsu-san pants pants_rolled_up shadow simple_background smile solo takeo_(nametake) white_background
1075471,1boy alcohol bad_id bad_pixiv_id blue_eyes brown_hair character_name command_spell cup drinking_glass facial_hair fate/zero fate_(series) formal goatee male_focus pingo0423 ribbon sitting solo suit tohsaka_tokiomi transparent_background wine wine_glass zoom_layer
4937136,1boy anniversary arm_behind_back black_jacket blue_eyes blue_hair bow bowtie cane character_name clothes_writing commentary daidou_(demitasse) eye_mask feathers formal gloves highres holding holding_cane jacket kaito_(vocaloid) light_smile looking_at_viewer male_focus miku_symphony_(vocaloid) one_eye_closed shirt solo standing suit suit_jacket tassel upper_body vocaloid white_bow white_bowtie white_gloves white_shirt
2442332,1boy artist_name backlighting commentary_request gun highres hood hooded_jacket jacket looking_at_viewer male_focus mask mouth_mask overwatch overwatch_1 photoshop_(medium) qichao_wang reaper_(overwatch) signature solo trench_coat upper_body watermark weapon web_address
393975,1boy black_hair code_geass commentary_request crossdressing dancer lelouch_lamperouge long_hair male_focus midriff purple_eyes solo thighhighs touya_(roukaku) veil
3739590,1boy :o armor black_armor black_footwear black_gloves blue_eyes braid braided_ponytail chase_(king's_raid) commentary_request company_name dated full_body gauntlets gloves hand_up highres holding holding_weapon hwansang_jungdog king's_raid korean_commentary long_hair male_focus muscular official_art pectorals simple_background standing watermark weapon white_background
5350694,1boy antenna_hair bandaged_hand bandages bangs black_gloves closed_mouth fingerless_gloves genshin_impact gloves grey_background grey_hair hair_between_eyes highres japanese_clothes kaedehara_kazuha katana leaf leaf_print looking_at_viewer male_focus multicolored_hair ponytail red_eyes red_hair red_legwear simple_background solo streaked_hair sword utsuhostoria weapon
787884,1boy clenched_hands crazy_diamond diamond_wa_kudakenai full_body gakuran higashikata_josuke jeffrey_cruz jojo_no_kimyou_na_bouken male_focus pompadour school_uniform signature stand_(jojo) transparent_background
4556532,1boy abs alternate_costume animal_ears arknights bad_id bad_twitter_id bara bare_pectorals furry furry_male highres large_pectorals lifeguard male_focus mountain_(arknights) muscular muscular_male nipples pectorals sak_(sakarov_) scar scar_across_eye scar_on_chest scar_on_face short_hair smile solo stomach tiger_boy tiger_ears upper_body water whistle whistle_around_neck white_fur white_hair
364134,1boy black-framed_eyewear gakuran glasses jacket long_sleeves looking_at_viewer lowres male_focus narukami_yuu open_clothes open_jacket persona persona_4 school_uniform silver_hair simple_background solo tsuji_yuzu upper_body white_background yasogami_school_uniform
5283926,1boy adjusting_clothes adjusting_headwear baseball_cap black_headwear black_shirt blue_headwear blush closed_mouth commentary_request gradient gradient_background green_headwear grey_eyes grey_hair grey_headwear hand_up hat hat_over_hat head_tilt highres looking_at_viewer male_focus outline partial_commentary pokemon pokemon_(game) pokemon_frlg pumpkinpan red_(pokemon) red_headwear red_vest shirt short_hair short_sleeves simple_background solo sparkle spiked_hair stacked_hats sweatband too_many_hats upper_body vest white_background white_headwear white_outline yellow_headwear
1865040,1boy abs big_hair black_hair commentary_request crossed_arms hair_over_one_eye long_hair male_focus muscular naruto naruto_(series) red_eyes sharingan solo taikyokuturugi topless_male uchiha_madara very_long_hair
5070593,1boy bara between_pectorals bus covered_nipples formal ground_vehicle male_focus mask mature_male motor_vehicle mouth_mask muscular muscular_male necktie necktie_between_pectorals original pectorals salaryman short_hair solo suit surgical_mask suv thick_eyebrows
777908,1boy bad_id bad_pixiv_id belt blonde_hair buckle casual headphones kagamine_len male_focus microphone red_eyes solo ueno_tsuki vocaloid
940534,1boy ahoge bad_id bad_pixiv_id blue_eyes coat collar full_body gloves green_shorts gun jude_maverick male_focus merii red_hair shoes shorts socks solo weapon white_background wild_arms wild_arms_4
2728815,1boy alternate_costume alternate_eye_color alternate_hair_color bow bowtie eating fang green_eyes haruka_(tactics) hot_dog lowres male_focus mito_(bluff) open_mouth purple_hair solo tactics text_focus translation_request
4496263,1boy alternate_costume beads bent_over black_tank_top blue_hair bracelet closed_mouth collarbone contemporary cu_chulainn_(fate) cu_chulainn_(fate/stay_night) earrings fate/stay_night fate_(series) grin hair_beads hair_ornament hand_on_own_face jacket jacket_on_shoulders jewelry long_hair looking_at_viewer makashiki_(aarni_0) male_focus ponytail red_eyes shirt smile solo spiked_hair tank_top
2457310,1boy boots commentary_request dragon_quest dragon_quest_heroes dragon_quest_heroes_ii gloves highres male_focus oururi33 purple_eyes purple_hair razel scarf solo star_(symbol) sword weapon
4414536,1boy absurdres albedo_(genshin_impact) black_gloves blonde_hair dated eyes_visible_through_hair genshin_impact gloves glowing green_eyes hair_between_eyes highres hood hood_down light_particles male_focus md5_mismatch parted_lips sash signature solo thousand upper_body
4037235,1boy alternate_costume bag bandages belt boots bracelet brown_hair dagger drink feathered_wings feathers fire_emblem fire_emblem:_radiant_dawn fire_emblem_heroes full_body headband highres jewelry kita_senri knife male_focus necklace non-web_source official_art pointy_ears scar solo tibarn_(fire_emblem) transparent_background weapon wings yellow_eyes
1779939,1boy bad_id bad_pixiv_id blue_eyes blue_hair highres jojo_no_kimyou_na_bouken jonathan_joestar male_focus phantom_blood realistic solo tsukiyoneko
1360237,1boy bodysuit commentary_request cu_chulainn_(fate) cu_chulainn_(fate/extra) earrings fate/extra fate_(series) gae_bolg_(fate) greyscale highres jewelry kiby447 long_hair male_focus monochrome official_alternate_costume one_eye_closed polearm ponytail solo spear weapon
85673,1boy akagi:_yami_ni_oritatta_tensai akagi_shigeru artist_request long_sleeves male_focus short_hair solo
4250073,1boy alternate_costume anger_vein angry braid chekkit cosplay crossdressing crossed_arms crown dark-skinned_male dark_background dark_skin dress english_commentary final_fantasy final_fantasy_xiv forehead frilled_dress frilled_sleeves frills gold_trim highres jewelry lalafell long_sleeves male_focus medium_hair nanamo_ul_namo nanamo_ul_namo_(cosplay) pipin_tarupin platinum_blonde_hair pointy_ears purple_background purple_eyes side_braid
4563264,1boy :3 artist_self-insert cat catsudon collar commentary dildo drooling english_commentary felyne foreskin foreskin_insertion furry furry_male khezu male_focus monster monster_hunter_(series) monster_hunter_rise open_mouth precum sex_toy simple_background solo spot_color standing tail weapon white_background
4515514,1boy artist_name beard belt belt_buckle black_gloves blonde_hair brown_belt brown_jacket buckle buttons commentary_request double-breasted dual_wielding facial_hair fingerless_gloves fur-trimmed_jacket fur-trimmed_sleeves fur_trim furrowed_brow gloves green_eyes guilty_gear guilty_gear_strive highres holding holding_weapon jacket lens_flare leo_whitefang male_focus multiple_belts open_clothes open_jacket pants solo tsuna_(akmu8832) twitter_username weapon white_background white_pants
1614156,1boy brown_hair commentary_request expressionless hair_over_one_eye headwear_removed looking_at_viewer lowres male_focus oekaki shiranami_asaki sketch solo sword weapon witoru yongoh
4861569,1boy beige_background black_sweater brown_hair english_commentary glasses grey_jacket hair_behind_ear jacket looking_down male_focus parted_lips portrait potssmann real_life rick_astley short_hair sketch smile solo sweater twitter_username
5352748,1boy bangs black_legwear black_scrunchie blush commentary eyelashes food fruit green_eyes highres idolmaster idolmaster_side-m jewelry long_sleeves male_focus mitsuba_kuma mizushima_saki nail_polish necklace one_eye_closed otoko_no_ko pink_nails sailor_collar scrunchie shirt short_hair sidelocks smile strawberry strawberry_background thighhighs tongue tongue_out twintails white_background white_shirt
417796,1boy bad_id bad_pixiv_id commentary_request kamen_rider kamen_rider_g male_focus solo toryuu
2781660,1boy adapted_costume animal_ears billy_the_kid_(fate) black_pants blue_eyes blue_sky cactus cloud color_connection commentary_request cosplay day elbow_gloves fang fate/grand_order fate_(series) gloves hair_color_connection kemono_friends male_focus necktie pants paw_pose serval_(kemono_friends) serval_(kemono_friends)_(cosplay) serval_print sin_(hankotsu_bunny) sky sleeveless smile solo standing standing_on_one_leg tail
5165489,1boy alban_knox animated bangs black_footwear black_gloves black_jacket black_pants blush_stickers brown_hair chibi closed_eyes commentary earrings electric_socket facing_viewer full_body gloves grey_background hair_between_eyes jacket jewelry layered_sleeves lightning_bolt_symbol male_focus nijisanji nijisanji_en pants shirasu_youichi shoe_soles simple_background sitting solo tail video virtual_youtuber
1109937,1boy alternate_costume beard blonde_hair bow braid braided_beard cho_marisa commentary_request crossdressing facial_hair genderswap genderswap_(ftm) hair_bow hair_ornament hat kirisame_marisa mahou_shoujo_madoka_magica male_focus mitsuki_yuuya muscular mustache parody side_braid solo star_(symbol) touhou translated veins witch_hat yellow_eyes
1147809,1boy armor arthur_pendragon_(fate) bad_id bad_pixiv_id blonde_hair blue_background blue_eyes blue_theme fate/prototype fate_(series) hands_on_hilt male_focus photoshop_(medium) solo sword tekla weapon
1816740,1boy archer_(fate) bad_id bad_pixiv_id brown_eyes dark-skinned_male dark_skin fate/stay_night fate_(series) male_focus solo taa_(acid) white_hair
4177024,1boy bad_id bad_pixiv_id blonde_hair blush epaulettes glemy_toto gundam gundam_zz inasaba lowres male_focus military military_uniform open_mouth pilot_suit short_hair smile spacesuit translation_request uniform
5334973,1boy abs after_anal after_sex armpit_hair armpits bara bed blush bukkake censored commission completely_nude cum cum_in_ass cum_on_body cum_on_boy cum_on_pectorals erection f-una implied_yaoi large_pectorals looking_at_viewer lying male_focus mosaic_censoring muscular muscular_male navel nipples nude obliques on_back on_bed original pectorals penis pillow pixiv_request short_hair smile solo thick_thighs thighs white_hair
1548056,1boy blonde_hair blue_eyes cane chair commentary_request facial_hair formal holding male_focus manly monocle mustache photoshop_(medium) solo tokiwa_(breeze_of_film) victorian_romance_emma wilhelm_molders
2314825,1boy black_hair bloodborne buttons coat collar commentary_request dress_shirt grey_eyes highres male_focus micolash_host_of_the_nightmare necktie pose shirt smirk solo suzunashi white_background
5313629,1boy cloak elden_ring eyelashes grey_cloak half_updo headband looking_at_viewer male_focus parted_lips portrait red_eyes red_hair rope ruint solo tarnished_(elden_ring)
4143350,1boy antenna_hair bangs closed_mouth cropped_torso diluc_(genshin_impact) genshin_impact hair_between_eyes highres long_hair looking_up male_focus red_eyes simple_background solo upper_body white_background yu-ri
5435107,1boy absurdres black_background bleeding blood blood_on_face carol0905 deep_wound fighting_stance hair_over_one_eye highres injury library_of_ruina male_focus orange_eyes project_moon serious simple_background solo sword upper_body weapon yesod_(project_moon)
4659009,1boy animal black_hair blue_eyes blue_pupils boa_hancock chinese_commentary closed_mouth coat collarbone commentary_request earrings emase_(foxmoon) eyes_visible_through_hair facial_hair genderswap genderswap_(ftm) high_collar jewelry looking_at_another male_focus mature_male one_piece pectoral_cleavage pectorals salome_(one_piece) shichibukai short_hair signature simple_background smile snake snake_earrings upper_body white_background
5256568,1boy asymmetrical_gloves b-kun(eita_789) blue_hair colored_tips demon_boy demon_horns demon_tail ear_piercing earrings eita_789 gloves highres horns ibispaint_(medium) jewelry male_focus multicolored_hair nail_polish original otoko_no_ko piercing pink_hair pointy_ears ring shirt short_hair solo tail tattoo white_shirt yellow_eyes
2626796,1boy >:) alternate_hairstyle artist_name bad_id bad_pixiv_id bangs blue_eyes closed_mouth coat commentary_request gloves hair_between_eyes hand_on_own_head hand_up harusabin high_collar long_sleeves looking_at_viewer male_focus multiple_views parted_lips re:zero_kara_hajimeru_isekai_seikatsu red_hair reinhard_van_astrea simple_background smile smirk upper_body v-shaped_eyebrows white_background
5470692,1boy ainudraws black_pants english_text haikyuu!! highres hinata_shouyou male_focus open_mouth orange_eyes orange_hair pants patreon_logo patreon_username shirt short_hair short_sleeves smile solo t-shirt watermark web_address white_shirt
1150850,1boy ao_(zero-system) blue_hair commentary_request cu_chulainn_(fate) cu_chulainn_(fate/stay_night) fate/stay_night fate_(series) gae_bolg_(fate) glowing glowing_weapon gundam long_hair male_focus mechanization parody polearm ponytail solo spear weapon
4135473,1boy backpack backpack_removed bag black_hair commentary_request flower from_above full_body hat highres holding holding_bag jamu_(yakinikuoi4) long_sleeves lucas_(pokemon) lying male_focus on_side pants parted_lips pink_flower pokemon pokemon_(creature) pokemon_(game) pokemon_dppt pokemon_platinum red_headwear shaymin shaymin_(land) shoes short_hair sideways_glance
992849,1boy androgynous black_hair choker collarbone commentary_request hair_ornament hairclip hand_on_own_chest japanese_clothes long_sleeves male_focus masa_tarou miko open_mouth otoko_no_ko photoshop_(medium) purple_eyes short_hair skull solo steins;gate tears urushibara_ruka
1346188,1boy birthmark blonde_hair commentary_request dio_brando jojo_no_kimyou_na_bouken kano_(soukai) lips male_focus mask red_eyes slit_pupils solo stone_mask_(jojo)
2269517,1boy bandages blue_eyes commentary_request heliodor lipstick makeup male_focus naruto naruto_(series) naruto_shippuuden nurari_(naruto) pink_hair simple_background solo white_background
4002796,1boy ahoge bag bug butterfly butterfly_net full_body green_eyes green_hair hand_net hood hoodie ji_no long_nose looking_at_viewer male_focus official_art one_eye_closed pinocchio_(sinoalice) sandals shorts shoulder_bag sinoalice sleeveless solo teeth tongue tongue_out transparent_background upper_teeth
4045804,1boy algernon_(housamo) alternate_costume armor ass bara bellsaltr colored_sclera gloves helmet highres jockstrap large_hands looking_at_viewer male_focus male_underwear muscular muscular_male red_eyes revealing_clothes solo standing thick_thighs thighs tokyo_afterschool_summoners underwear yellow_sclera
4108705,1boy ape attack backlighting bandages black_hair blood chinese_commentary claws commentary facing_away feng_chui_xingyun from_behind guardian_ape highres holding katana long_sleeves looking_up male_focus monster motion_blur open_mouth outdoors sekiro sekiro:_shadows_die_twice sheath short_hair size_difference sword teeth topknot torn_clothes tree unsheathed wading water weapon white_fur
4597280,1boy black_jacket brick_wall building collared_shirt jacket jacket_on_shoulders long_sleeves looking_at_viewer male_focus neon_lights open_mouth original rinotuna shirt solo upper_body white_shirt yellow_eyes
5425485,1boy backpack bag bangs belt black_hair black_shirt blue_pants brown_belt commentary deoxys deoxys_(normal) eye_contact hat highres jacket looking_at_another looking_up male_focus pants pokemon pokemon_(creature) pokemon_adventures red_(pokemon) red_headwear red_jacket sakanobo_(sushi1021) shirt short_hair short_sleeves simple_background spiked_hair symbol-only_commentary t-shirt white_background yellow_bag
2284367,1boy angel_beats! belt black_hair commentary_request epaulettes hat male_focus microphone microphone_stand naoi_ayato navel sion_(laterna_magica) solo standing yellow_eyes
4483639,1boy bangs black_gloves black_hair brown_hair chinese_text closed_mouth cloud cloudy_sky collared_shirt earrings english_commentary english_text etceteraart eyeliner eyeshadow formal from_side genshin_impact gloves glowing glowing_eyes gradient_hair hair_between_eyes highres jacket jewelry long_hair long_sleeves looking_to_the_side makeup male_focus multicolored_hair necktie orange_hair outdoors polearm ponytail red_eyeshadow rock shirt single_earring sky solo suit tassel tassel_earrings weapon yellow_eyes zhongli_(genshin_impact)
1473379,1boy alice-whiteberry bad_id bad_pixiv_id blonde_hair blue_eyes flower hat highres johnny_joestar jojo_no_kimyou_na_bouken male_focus midriff solo steel_ball_run tears
4648703,1boy ? ahoge allister_(pokemon) black_hair bright_pupils closed_mouth collared_shirt commentary_request frown gloves highres himawari_(kawaisounaedesu) knees_together_feet_apart long_sleeves male_focus mole mole_under_mouth partially_fingerless_gloves pokemon pokemon_(game) pokemon_swsh purple_eyes raised_eyebrows shirt shorts sideways_glance single_glove solo suspender_shorts suspenders suspenders_slip sweat white_pupils
4272490,1boy ahoge bangs bede_(pokemon) blonde_hair character_name coat commentary_request curly_hair gloves gonta_(yu37av) great_ball highres holding holding_poke_ball male_focus one_eye_closed open_mouth partially_fingerless_gloves poke_ball pokemon pokemon_(game) pokemon_swsh popped_collar purple_coat purple_eyes purple_footwear shoes short_hair smile spread_fingers standing teeth tongue watch wristwatch
5013916,1boy arthropod_boy bangs blue_eyes cape closed_mouth crown diamond_hairband fate/grand_order fate_(series) from_side fur-trimmed_cape fur_trim grey_hair highres long_hair looking_up male_focus oberon_(fate) oberon_(third_ascension)_(fate) profile solo spoilers surume_(su1193)
4364516,1boy :d bangs black_hair checkered_clothes checkered_scarf commentary_request danganronpa_(series) danganronpa_v3:_killing_harmony face gradient gradient_background hair_between_eyes half-closed_eyes jacket korean_commentary looking_at_viewer male_focus open_mouth ouma_kokichi purple_eyes purple_hair scarf short_hair smile solo starry_background straitjacket teeth upper_body upper_teeth yeoncho_(y2_rmk)
3196260,1boy android_17 black_hair blue_eyes carrying charmander clothes_writing commentary_request crossover dragon_ball dragon_ball_super expressionless fire flame-tipped_tail green_shirt kemachiku long_sleeves looking_back lowres male_focus pokemon pokemon_(creature) shirt short_hair simple_background upper_body white_background
2221151,1boy androgynous antenna_hair bad_id bad_pixiv_id black_hair bleach bleach:_the_thousand-year_blood_war blue_eyes boots full_body giselle_gewelle hat long_hair male_focus mini_hat minmin-zemi_(lover_paradox) otoko_no_ko pantyhose solo wandenreich
2866686,1boy :d belt black_eyes blood blood_on_hands blood_splatter blue_background carmine chain colored_sclera commentary cowboy_shot fur_trim grey_jacket grin jacket looking_away looking_to_the_side male_focus muscular navel open_mouth pants pink_pants red_hair red_sclera sharp_teeth smile solo standing sumiyao_(amam) teeth under_night_in-birth v-shaped_eyebrows
3878681,.sin 1boy armlet brown_eyes dagger dark-skinned_male dark_skin dual_wielding hawkeye_(seiken_densetsu_3) highres holding knife long_hair male_focus purple_hair reverse_grip seiken_densetsu seiken_densetsu_3 sleeveless solo weapon
384524,1boy angry bad_id bad_pixiv_id bodysuit casshern casshern_sins flower glowing glowing_eyes ijuin03 male_focus petals photoshop_(medium) solo white_bodysuit
4288253,1boy :d alternate_hair_color animal_ears bangs blonde_hair cat_boy cat_ears cat_tail checkered_clothes checkered_scarf commentary_request danganronpa_(series) danganronpa_v3:_killing_harmony dated ewa_(seraphhuiyu) fang feet_out_of_frame fingernails from_side gradient gradient_background hair_between_eyes hands_up happy_birthday hugging_own_legs jacket knees_up long_sleeves looking_at_viewer male_focus open_mouth ouma_kokichi pants pink_background scarf sharp_fingernails short_hair sitting smile solo tail translation_request white_jacket white_pants
319397,1boy black_hair bleach kamen_rider kamen_rider_den-o_(series) male_focus momotaros multicolored_hair nogami_ryoutarou parody puyo_(puyotopia) red_eyes red_hair solo
5013677,1boy bangs earrings eyebrow_cut fate/grand_order fate_(series) jacket japanese_clothes jewelry long_hair long_sleeves looking_at_viewer male_focus me_(mikannu) multicolored_hair open_mouth pectoral_cleavage pectorals red_eyes red_hair smile solo streaked_hair takasugi_shinsaku_(fate) two-tone_hair upper_body white_hair white_jacket
4115819,1boy blue_hair bodysuit building cu_chulainn_(fate) cu_chulainn_(fate/stay_night) fate_(series) from_side gae_bolg_(fate) highres long_hair male_focus monna_shi night outdoors polearm ponytail sky skyline smoking solo spear spiked_hair weapon
2991746,1boy abs absurdres archer_(black_swimmer)_(fate) archer_(fate) arms_at_sides bare_legs barefoot black_background brown_eyes closed_mouth collarbone commentary dark-skinned_male dark_skin diaodiao fate/extella fate/extra fate/stay_night fate_(series) forehead highres looking_at_viewer male_focus male_swimwear navel nipples pectorals photoshop_(medium) silver_hair simple_background smile spiked_hair standing stomach swim_briefs symbol-only_commentary topless_male
3417559,1boy anklet bangs barefoot belt character_name chibi chibi_inset closed_eyes closed_mouth feet granblue_fantasy highres holding holding_weapon hood jewelry lineart long_hair long_sleeves looking_at_viewer looking_away male_focus minaba_hideo multicolored_clothes multiple_views noa_(granblue_fantasy) official_art page_number pale_skin photoshop_(medium) scan silver_hair simple_background translation_request weapon
5398593,1boy bangs blue_eyes blush cardigan crew_neck frown grey_background highres kitsunemiyoru looking_to_the_side male_focus original print_shirt shirt short_hair solo t-shirt twitter_username white_hair
4760016,1boy animal_ears bangs black_eyes black_footwear black_hair black_pants black_shirt blush dog_boy dog_ears dog_nose dog_tail earrings hands_up highres jewelry long_sleeves looking_at_viewer male_focus midriff_peek original pants paw_pose ryota_(ry_o_ta) shirt shoes short_hair signature simple_background socks solo tail tongue tongue_out watch white_background white_socks wristwatch
1415639,1boy bad_id bad_pixiv_id brown_eyes brown_hair dress_shirt gremlin_(kamen_rider_wizard) kamen_rider kamen_rider_wizard_(series) male_focus peco_yuyu scarf shirt smile solo upper_body vest
4142108,1boy armor bandages bare_shoulders binzoko black_sclera bracer caligula_(fate) cape colored_sclera dark-skinned_male dark_skin earrings fate/grand_order fate_(series) fingerless_gloves full_body gloves holy_grail_(fate) jewelry looking_at_viewer male_focus muscular muscular_male pauldrons purple_hair red_cape red_eyes short_hair shoulder_armor solo thighs throne
3624146,1boy alternate_design blue_eyes boots brown_hair cape child em_crazy epaulettes facial_hair fate/grand_order fate_(series) goatee holding holding_weapon huge_weapon large_hat long_sideburns long_sleeves looking_at_viewer male_child male_focus military military_uniform napoleon_bonaparte_(fate) short_hair sideburns simple_background solo uniform weapon younger
4335327,1boy aqua_eyes black_pants boar_mask brown_background dual_wielding full_body geta hashibira_inosuke highres holding holding_sword holding_weapon kimetsu_no_yaiba male_focus oskar_vega pants red_footwear solo striped striped_pants sword topless_male weapon
3551798,1boy belt black_jacket blonde_hair commentary demon_slayer_uniform fire forked_eyebrows haori haru_mm2 jacket japanese_clothes katana kimetsu_no_yaiba male_focus multicolored_hair red_eyes red_hair rengoku_kyoujurou sheath solo streaked_hair sword uniform unsheathing weapon
5004582,1boy architecture bad_id bad_pixiv_id black_hair east_asian_architecture glass_bowl highres hourglass indoors leaf male_focus original plant saiga_tokihito short_hair sitting solo water
1915820,1boy ? aqua_eyes blue_hair buttons commentary_request double-breasted frown horikawa_kunihiro lapels looking_at_viewer male_focus mizuhara_aki notched_lapels simple_background solo spoken_question_mark touken_ranbu upper_body white_background
4239241,1990s_(style) 1boy absurdres animal bandaged_hand bandages black_hair blonde_hair blood border brown_coat chain chimera claws coat crazy_eyes demi_(pixiv22036971) feathered_wings fur grey_background hatching_(texture) highres kuruma_shin'ichi lion majuu_sensen male_focus multicolored_hair open_mouth red_eyes red_scarf retro_artstyle saliva saliva_trail scarf sharp_teeth simple_background single_wing solo teeth tongue torn torn_clothes torn_coat torn_scarf white_border wide-eyed wings
5224766,1boy bangs black_hair blurry choker closed_eyes day demon_slayer_uniform depth_of_field elfegg facing_to_the_side floating_hair highres kaigaku kimetsu_no_yaiba koi koinobori light_brown_hair long_sleeves magatama male_focus short_hair sidelocks solo upper_body wind windsock
1550729,1boy autumn_leaves bad_id bad_pixiv_id blue_hair inazuma_eleven_(series) inazuma_eleven_go japanese_clothes kariya_masaki male_focus solo yellow_eyes yuhazu_(rhe-rhe)
4244781,1boy ahoge bangs collarbone commentary_request danganronpa_(series) danganronpa_2:_goodbye_despair flipped_hair green_jacket grey_eyes grey_shirt hair_between_eyes hand_up hood hood_down jacket komaeda_nagito long_sleeves looking_at_viewer male_focus medium_hair nanao_(nanao1023) open_mouth shirt simple_background solo teeth translated twitter_username upper_body upper_teeth white_background white_hair white_shirt
2981590,1boy black_hair boots dark-skinned_male dark_skin draph eyepatch full_body fur_trim gloves granblue_fantasy horns long_hair male_focus minaba_hideo official_art open_mouth orange_eyes reinhardtzar scar solo teeth transparent_background
1715263,1boy arms_up blonde_hair blue_flower blue_rose bug commentary_request flower giorno_giovanna jojo_no_kimyou_na_bouken ladybug lipstick long_sleeves looking_at_viewer lying makeup male_focus on_back pink_eyes pink_flower pink_rose purple_flower purple_lips purple_rose realistic rose solo vento_aureo zishanjiang
5132422,1boy aron_lusen black_jacket chain clenched_hand from_side ghost gloves glowing glowing_eye gradient gradient_background green_gloves grey_background hand_up hicham_habchi highres holding holding_lantern jacket key lantern league_of_legends long_hair male_focus mask official_art open_mouth ruined_king:_a_league_of_legends_story solo spot_color thresh_(league_of_legends) torn_jacket white_background
4392029,1boy bara black_hair black_jacket blue_eyes chest_harness collared_jacket dark-skinned_male dark_skin demon_boy demon_horns gozu_farm harness highres horns jacket large_pectorals macroich_(housamo) male_focus mature_male multicolored_hair multiple_horns muscular muscular_male o-ring o-ring_top open_clothes open_jacket pectoral_cleavage pectorals short_hair sideburns solo thick_eyebrows tokyo_afterschool_summoners two-tone_hair white_hair
